{
  "accuracy": 0.3077136514983352,
  "f1_macro": 0.2731026610084201,
  "num_labels": 320
}